{"gaussian": [[4.107117652893066e-05, 0.0006778144836425781, 0.002239159345626831, 0.002214583158493042, 0.002195628881454468], [3.396189163653846e-05, 0.001059936352735701, 0.00021975404951352415, 0.00016610280392709943, 0.00020220813208576802]], "ema": [[0.0025626444816589356], [0.0013612672128886483]], "box_blur": [[0.00242762565612793, 0.0016366922855377197, 0.0016655242443084717, 0.0017916548252105713, 0.002008284330368042], [0.002141973294701245, 0.00023642976942982855, 0.00017460459322986554, 0.00018491596213071628, 0.00021613622688690054]]}